{
  "$schema": "https://schema.management.azure.com/schemas/2019-04-01/deploymentTemplate.json#",
  "contentVersion": "1.0.0.0",
  "metadata": {
    "_generator": {
      "name": "bicep",
      "version": "0.5.6.12127",
      "templateHash": "10602523904429381366"
    }
  },
  "parameters": {
    "webAppName": {
      "type": "string",
      "defaultValue": "[concat(parameters('environment'), '-', 'ado', '-', 'appservice')]",
      "minLength": 2,
      "metadata": {
        "description": "Web app name."
      }
    },
    "location": {
      "type": "string",
      "defaultValue": "[resourceGroup().location]",
      "metadata": {
        "description": "Location for all resources."
      }
    },
    "environment": {
      "type": "string",
      "metadata": {
        "description": "environment to deploy"
      }
    },
    "sku": {
      "type": "string",
      "defaultValue": "B1",
      "metadata": {
        "description": "The SKU of App Service Plan."
      }
    },
    "linuxFxVersion": {
      "type": "string",
      "defaultValue": "DOTNETCORE|6.0",
      "metadata": {
        "description": "The Runtime stack of current web app"
      }
    },
    "repoUrl": {
      "type": "string",
      "defaultValue": " ",
      "metadata": {
        "description": "Optional Git Repo URL"
      }
    }
  },
  "variables": {
    "appServicePlanPortalName": "[format('AppServicePlan-{0}', parameters('webAppName'))]"
  },
  "resources": [
    {
      "type": "Microsoft.Web/serverfarms",
      "apiVersion": "2021-02-01",
      "name": "[variables('appServicePlanPortalName')]",
      "location": "[parameters('location')]",
      "sku": {
        "name": "[parameters('sku')]"
      },
      "kind": "linux",
      "properties": {
        "reserved": true
      }
    },
    {
      "type": "Microsoft.Web/sites",
      "apiVersion": "2021-02-01",
      "name": "[parameters('webAppName')]",
      "location": "[parameters('location')]",
      "properties": {
        "httpsOnly": true,
        "serverFarmId": "[resourceId('Microsoft.Web/serverfarms', variables('appServicePlanPortalName'))]",
        "siteConfig": {
          "linuxFxVersion": "[parameters('linuxFxVersion')]",
          "minTlsVersion": "1.2",
          "ftpsState": "FtpsOnly"
        }
      },
      "identity": {
        "type": "SystemAssigned"
      },
      "dependsOn": [
        "[resourceId('Microsoft.Web/serverfarms', variables('appServicePlanPortalName'))]"
      ]
    },
    {
      "condition": "[contains(parameters('repoUrl'), 'http')]",
      "type": "Microsoft.Web/sites/sourcecontrols",
      "apiVersion": "2021-02-01",
      "name": "[format('{0}/{1}', parameters('webAppName'), 'web')]",
      "properties": {
        "repoUrl": "[parameters('repoUrl')]",
        "branch": "master",
        "isManualIntegration": true
      },
      "dependsOn": [
        "[resourceId('Microsoft.Web/sites', parameters('webAppName'))]"
      ]
    }
  ]
}